﻿{
  "Version": "1.0",
  "Metadata": [
    {
      "ApplicationType": "Edge",
      "ExecutablePath": {
        "Value": "msedge.exe",
        "IsExpression": false
      },
      "Url": {
        "Value": "webSite",
        "IsExpression": true
      },
      "Arguments": null,
      "Version": null
    },
    {
      "ApplicationType": "WindowsApplication",
      "ExecutablePath": null,
      "Url": null,
      "Arguments": null,
      "Version": null
    },
    {
      "ApplicationType": "Edge",
      "ExecutablePath": {
        "Value": "msedge.exe",
        "IsExpression": false
      },
      "Url": {
        "Value": "emailSite",
        "IsExpression": true
      },
      "Arguments": null,
      "Version": null
    },
    {
      "ApplicationType": "WindowsApplication",
      "ExecutablePath": {
        "Value": "excel.exe",
        "IsExpression": false
      },
      "Url": null,
      "Arguments": {
        "Value": "userPath + \"\\Dropbox\\Sistema Tramite Documentario\\listado_tramites_recibidos_\" + currentDate + \".xls\"",
        "IsExpression": true
      },
      "Version": null
    }
  ]
}